id;kolor;nazwa;opis;wymagania;komentarz
1;czerwony;Baranek Wielkanocny;Baranek Wielkanocny to zuch, który rozumie sens Świąt Zmartwychwstania Pańskiego i pielęgnuje zwyczaje wielkanocne. ;"1. Realizuje postanowienie wielkopostne, które jest dla niego wyrzeczeniem.
2. Wziął udział w nabożeństwie wielkopostnym i wielkanocnym.
3. Zna tradycje świąteczne. Stara się zachowywać je w swoim domu.
4. Uczestniczył w rekolekcjach wielkopostnych i potrafił się podczas nich odpowiednio zachować.
5. Pomógł w domu w przygotowaniach świątecznych. ";W sprawności należy wykazać szczególną wrażliwość na warunki, w jakich zuch jest wychowywany i świadomość religijną jego bliskich oraz na odpowiednie dopasowanie zadań związanych z tradycjami świątecznymi do możliwości wykonania ich przez dziecko w domu. Warto też zwracać uwagę na to, że piątek jest przez cały rok dniem tygodnia, w którym nie urządzamy dyskotek, nie tańczymy.
2;czerwony;Braciszek;Braciszek to zuch, który potrafi zaopiekować się młodszymi, zorganizować im czas i nauczyć czegoś nowego. ;"1. Opiekuje się młodszymi zuchami w gromadzie.
2. Sam lub z innymi zuchami w mądry sposób zorganizował zabawę.
3. Bawi się z młodszym rodzeństwem lub małymi dziećmi.
4. Nauczył młodszego kolegę nowej umiejętności.
5. Po kłótni potrafi pierwszy wyciągnąć rękę do zgody i przebaczyć.";
3;czerwony;Dobry Duszek;Dobry Duszek to zuch, który pomaga innym i niezauważenie czyni dobro;"1. Jak dobry duszek pomaga ludziom w potrzebie, bez przechwalania się, nie czekając na nagrodę.
2. Sprawił komuś miłą niespodziankę. 
3. W wybrany przez siebie sposób przedstawił opowieść o dobroci.
4. Dostrzega nastroje innych i potrafi na nie reagować (pocieszy, poprawi humor itp.).";"W sprawności warto zwrócić uwagę na kształtowanie u zuchów empatii – współodczuwania nastrojów innych.
Trzeba uczyć dzieci obserwowania wpływu zachowań własnych na nastrój innych – np. by starały się powstrzymać od słów, które miałyby wzbudzić zazdrość, smutek. "
4;czerwony;Liturgista;Liturgista to zuch, który rozumie, co dzieje się w poszczególnych momentach Mszy świętej, zna jej części oraz czynnie włącza się w przygotowanie oprawy Eucharystii. ;"1. Wraz z gromadą uczestniczył we Mszy świętej, podczas której podjął się konkretnego działania.
2. Wie, że są różne kolory szat liturgicznych. 
3. Zna części Mszy świętej.
4. Wziął udział w nabożeństwie odpowiednim dla danej pory roku liturgicznego.
5. Zebrał informacje o nieznanym sobie dotąd święcie religijnym. ";"Sprawność ta ma uwrażliwić zucha na pełne oraz świadome uczestnictwo we Mszy świętej (w całej liturgii i przystępowaniu do Komunii św.)
Ad 1: Zuchy powinny włączać się w przygotowanie liturgii właśnie po to, by rozumieć, czym jest Msza św., np. przeczytać czytanie lub modlitwę wiernych, zaśpiewać psalm- uczestniczyć w procesji z darami."
5;czerwony;Mały Ewangelista;Mały Ewangelista to zuch, który wie, czym jest Pismo Święte, potrafi z niego korzystać i stara się je poznawać.;"1. Wie, z jakich część składa się Pismo Święte, ile w Nowym Testamencie jest Ewangelii i czyjego są autorstwa.
2. Potrafi odnaleźć fragment Pisma św., odczytując skrócony zapis.
3. Przedstawi wybraną przypowieść lub historię biblijną.
4. Zaproponował i poprowadził w gromadzie modlitwę, piosenkę/grę o tematyce religijnej. ";
6;czerwony;Mały Misjonarz;Mały Misjonarz to zuch, który wie, w jakim celu są organizowane misje i jak funkcjonują- stara się je wspierać - materialnie lub modlitwą. ;"1. Wie, gdzie pracują misjonarze i na czym polega ich działalność.
2. Zapoznał się z informacjami dotyczącymi misji.
3. Sam lub z gromadą nawiązał i utrzymuje kontakt z misjonarzem.
4. Modli się w intencji misji. 
5. Wraz z gromadą, kolegami podjął działanie w celu materialnego wsparcia misji. ";"Ad 1 W sprawności zwrócić należy uwagę na tradycyjne misje i misje związane z problemami XXI wieku (np. brak powołań kapłańskich i zakonnych w krajach takich jak Holandia). Warto uzmysłowić zuchom, że misje to nie tylko powszechnie pojmowana działalność w krajach afrykańskich.
Ad 2 Warto poszukać informacji o misji w mediach różnego typu, ale także, w miarę możliwości, odwiedzić wystawy misyjne i muzea."
7;czerwony;Pastuszek Betlejemski;Pastuszek Betlejemski to zuch, który rozumie sens świąt Bożego Narodzenia, pielęgnuje związane z nimi tradycje. ;"1. Wie, kiedy zaczyna się adwent. Uczestniczył w roratach.
2. Realizuje postanowienie adwentowe w prezencie dla Pana Jezusa.
3. W dowolny sposób przedstawił historię narodzenia Jezusa.
4. Zna kolędy, potrafi zaśpiewać kilka z nich. 
5. Zna tradycje świąteczne. Stara się zachowywać je w swoim domu.
6. Pomagał w domu podczas przygotowań świątecznych.
7. Wykonał prezent dla bliskiej osoby, wysłał życzenia świąteczne. ";"W sprawności należy wykazać szczególną wrażliwość na warunki, w jakich zuch jest wychowywany i świadomość religijną jego bliskich oraz na odpowiednie
dopasowanie zadań związanych z tradycjami świątecznymi do możliwości wykonania ich przez dziecko w domu.
Ad 5 Realizowanie zadanie będzie szczególnie mocno zależało od sytuacji domowej zucha. Zachowanie tradycji to np. troska, by pod obrusem znalazło się
sianko, pozostawienie wolnego miejsca przy stole – słowem to, na co zuch może mieć wpływ, jeśli o tym przypomni w domu (będzie wtedy chętny do
wykonania zadania). "
8;czerwony;Pomocna Dłoń;Pomocna Dłoń to zuch, który potrafi dostrzegać potrzeby innych i spontanicznie na nie reaguje ;"1. Wie, kim jest wolontariusz, zna kilka organizacji, które w Polsce pomagają potrzebującym.
2. Pomaga koledze z klasy lub gromady (np. w nauce).
3. Dzieli się z innymi dziećmi swoimi rzeczami. 
4. Zaoszczędził pieniądze i przekazał je na cele charytatywne.
5. Za zgodą rodziców oddał swoją zabawkę, ubranie itp. komuś innemu. ";"Ad 1 Należy pamiętać, by wybrane do współpracy organizacje reprezentowały wartości chrześcijańskie.
Ad 3 Mogą to być np. zabawki, słodycze itp.
Ad 5 Przy przekazywaniu rzeczy biedniejszym rozsądniejsze będzie oddawanie ubrań do koszy, puszek itp., a nie bezpośrednio komuś uboższemu, by nie
podkreślać tym samym różnic materialnych między dziećmi. "
9;czerwony;Promyczek;Promyczek to zuch, który potrafi promieniować radością nawet w trudnych sytuacjach. ;"1. Jest pogodny i koleżeński, nie złości się i nie gniewa.
2. Potrafi stawić czoła trudnej sytuacji. 
3. Umie pocieszyć innych swoim zachowaniem, mimiką lub wykonaną przez siebie prostą majsterką.
4. Opowiada, rysuje zabawne historie. 
5. Zachowuje się adekwatnie do sytuacji";"Ad 2 Nie narzeka, nie płacze, uczy się dzielności.
Ad 4 Zuch może np. ułożyć wierszyk, scenkę, wesołą piosenkę, itd.
Ad 5 Adekwatne zachowanie rozumiane jest jako odpowiednie do sytuacji (nie śmieje się, gdy ktoś płacze itd.). "
10;czerwony;Rycerz;Rycerz to zuch, który zna zasady dobrego wychowania. Jest uczciwy i opiekuńczy. ;"1. Jak prawdziwy rycerz traktuje każdego z szacunkiem (w szczególności potrafi odpowiednio zachować się wobec damy).
2. Opiekuje się młodszymi i słabszymi- stanie w ich obronie.
3. Zna i przestrzega zasad savoir - vivre- dba o schludny wygląd.
4. Podjął trudne wyzwanie - wbrew swoim lękom i obawom.
5. W dowolnej formie przedstawił historię wybranego rycerza, który mógłby być dla niego wzorem. ";"W sprawności należy zwrócić szczególną uwagę na relacje: chłopcy - dziewczynki oraz na odpowiedni do wieku wizerunek dziewczynki- zuchenki. Trzeba ponadto pamiętać, że dama rozumiana jest tu nie jako postać historyczna, ale jako osoba posiadająca zespół szlachetnych cech.
Ad 3 Poprzez zdobywanie tej sprawności należy dzieciom zwrócić uwagę na uczciwe postępowanie w codziennym życiu np. grę fair play, nie przechodzenie
przez ulicę na czerwonym świetle, nie ściąganie na sprawdzianach w szkole, kasowanie biletów w autobusie.
Ad 4 W ramach konkretnych zadań zuch powinien walczyć z jakąś słabością lub kształcić jakiś dobry nawyk. Warto też zdawać sobie sprawę z tego, że prawidłowy przykład własny drużynowego/drużynowej stanowi, jak zawsze, istotny czynnik w pozytywnym zrealizowaniu tej sprawności. "
11;czerwony;Święty;Święty... to zuch, który poznaje życie świętych postaci z dziejów Kościoła. ;"1. Poznał życie wybranego świętego. 
2. Ułożył modlitwę związaną z wybranym świętym.
3. Stara się naśladować wybranego świętego i zachęci do tego inną osobę.
4. Odnalazł ślady świętego w wybranych dziedzinach sztuki. ";"Nazwa sprawności jest uzupełniona o imię świętego, którego dana sprawność dotyczy (np. opiekuna gromady lub patrona zucha).
Ad 2 Trzeba zwrócić uwagę zuchów, iż według nauki Kościoła Katolickiego nie modlimy się do świętych, ale przez modlitwę wyprasza wstawiennictwo u Boga."
12;czerwony;Złote Usta;Złote Usta to zuch, który jest prawdomówny- dotrzymuje danego słowa i nie używa brzydkich słów. ;"1. Nie kłamie.
2. Nie używa brzydkich wyrazów. 
3. Stosownie do sytuacji używa zwrotów grzecznościowych.
4. Dotrzymuje danego słowa. 
5. Nie plotkuje. 
6. Z szacunkiem odnosi się do rozmówcy (nie przerywa, nie przekrzykuje go, nie obraża). ";"Sprawność ta powstała w odpowiedzi na często spotykaną u zuchów postawę nie przyznawania się do kłamstwa, plotkowania.
Przeznaczona jest dla zuchów, które mają problem z prawdomównością. Wymagania są więc często formułowane za pomocą przeczenia, co w założeniu jest środkiem, który pomoże nam oduczać kłamstwa.
Warto przy okazji realizacji tej sprawności zwrócić uwagę na język, jakim zuch wyraża się o starszych (nauczycielach, rodzicach)."
13;Zolty;Astronom;Astronom to zuch, który obserwuje niebo, zna zjawiska astronomiczne. ;"1. Pogłębił swoją wiedzę astronomiczną (np. był w planetarium, obejrzał film, przeczytał książkę o gwiazdach).
2. Zna postać Mikołaja Kopernika i, wie, czego dokonał. Potrafi wymienić kilku wielkich astronomów w historii.
3. Obserwował niebo. Umie wskazać Gwiazdę Polarną i kilka gwiazdozbiorów.
4. Wie, co to jest Układ Słoneczny, Słońce i Księżyc.
5. Korzystał z mapy nieba, przy jej pomocy odszukał gwiazdozbiory.
6. Zna podstawowe terminy astronomiczne (mgławica, orbita, kometa, meteor, lata świetlne, asteroidy itp). ";"Podczas zbiórek warto używać mapy nieba.
Ad 4 We wrześniu 2006 ogłoszono, że Pluton nie jest planetą. "
14;Zolty;Bajarz;Bajarz to zuch, który lubi czytać bajki, umie je opowiadać i odczytywać przesłanie, jakie niosą. ;"1. Czyta baśnie, legendy, bajki- odnalazł w nich przesłanie. 
2. Wymyślił i ciekawie opowiedział wartościową historię, ułożył własną bajkę. 
3. Umie urozmaicić swoją opowieść na kilka sposobów. 
4. Poznał legendy – odszukał w nich element prawdy.
5. Potrafi odnaleźć znaczenie archaizmów używanych w legendach i podaniach. ";"Ad 1 Należy zwrócić zuchom uwagę na różnicę między bajkami, baśniami a legendami (każda legenda zawiera ziarnko prawdy).
Ad 3 Podczas opowiadania bajek używa drobnych rekwizytów, modeluje głos itd."
15;Zolty;Bajtek;Bajtek to zuch, który umie obsługiwać komputer, wykorzystując go nie tylko do zabaw. ;"1. Korzysta z komputera z umiarem, pamiętając o swoim zdrowiu (odpowiednia postawa, odległość, czas).
2. Obsługuje kilka programów użytkowych
3. Wykorzystuje komputer do nauki, korzysta z programów edukacyjnych.
4. Przy pomocy komputera sprawił komuś miłą niespodziankę.
5. Umie obsługiwać urządzenia peryferyjne (drukarka, skaner, nagrywarka itp.). ";"Ad 1 Korzystanie z umiarem oznacza nie zaniedbywanie swoich obowiązków oraz kontaktów z innymi.
Ad 2 Takich jak np. edytor tekstu, program graficzny, odtwarzacz muzyki itd."
16;Zolty;Doświadczalski;Doświadczalski to zuch, który próbuje zrozumieć zjawiska zachodzące w otaczającym go świecie, nie boi się przeprowadzać potrzebnych doświadczeń naukowych. ;"1. Szuka odpowiedzi na pytania dotyczące otaczającego go świata.
2. Przeprowadził w bezpieczny sposób doświadczenie naukowe.
3. Posługuje się przyrządami pomiarowymi. używa fachowego słownictwa związanego z eksperymentem.
4. Odnalazł dorosłego specjalistę, który zweryfikował jego badania.
5. Zna historie kilku wynalazków, postacie znanych wynalazców, badaczy. ";"Ad 1 Dzieci z natury poszukują odpowiedzi na nurtujące je pytania (np. dlaczego morze jest słone, dlaczego żarówka świeci). Trzeba pomóc im w tych poszukiwaniach, pokazać, że wiedzę czerpie się z różnych źródeł (czasopisma, Internet, książki, rozmowy ze specjalistami, wystawy, programy telewizyjne).
Ad 2 Należy zwrócić uwagę na przestrzeganie zasad bezpieczeństwa i higieny podczas wykonywania wszelkiego rodzaju eksperymentów.
Ad 4 Specjalistą w danej dziedzinie może być nauczyciel danego przedmiotu lub rodzic zajmujący się profesjonalnie daną dziedziną."
17;Zolty;Dziennikarz;Dziennikarz to zuch, który pisze krótkie teksty o charakterze informacyjnym, potrafi rzetelnie opisać dane zdarzenie. ;"1. Zna podstawowe formy wypowiedzi dziennikarskiej (artykuł prasowy, fotografia, audycja radiowa, film dokumentalny).
2. Interesuje się ciekawymi wydarzeniami w Polsce, na świecie lub w swoim otoczeniu.
3. Opisał starannie i bez błędów zaobserwowane zdarzenie i opublikował swój tekst (gazetka gromady, gablota, kronika). Pisze starannie i bez błędów.
4. Zebrał informacje dotyczące wybranej osoby i przeprowadził z nią wywiad Napisany tekst oddał do autoryzacji.
5. W swojej pracy wykorzystuje różne sposoby pozyskiwania informacji i materiałów (notuje, nagrywa, fotografuje, szuka w Internecie).";Ad 2 Zuch powinien oglądać programy informacyjne w obecności kogoś, kto będzie na bieżąco tłumaczył zaobserwowane zdarzenia i chronił przed drastycznymi scenami. 
18;Zolty;Etnograf;Etnograf to zuch, który wie, że kulturę polską tworzyli ludzie należący do różnych narodów. Poszerza swoje wiadomości dotyczące wybranej mniejszości narodowej. ;"1. Wie, jaka mniejszość narodowa lub etniczna zamieszkiwała dany teren.
2. Odnalazł znak obecności mniejszości narodowej lub etnicznej i udokumentował go.
3. Nauczył się piosenki lub kilku słów w języku wybranej mniejszości.
4. Poznał zwyczaje lub elementy kultury wybranej mniejszości narodowej.
5. Jeśli to możliwe, nawiązał kontakt z przedstawicielem mniejszości narodowej.";"Jest to sprawność przeznaczona zarówno dla gromad, które działają na terenie zamieszkałym przez mniejszości narodowe lub etniczne, w miejscu, gdzie w przeszłości współistniały kultury, jak też dla tych gromad, które w takim miejscu znajdują się tylko czasowo (jadą na kolonię czy zimowisko). Mniejszość narodowa to grupa obywateli polskich, definiująca siebie jako przynależną do innej niż polska narodowości, która to grupa ma poza Polską kraj – ojczyznę (np. Niemcy, Litwini, Białorusini, Żydzi, Ukraińcy itp.) lub grupa, która nie ma poza Polską kraju – ojczyzny (np. Łemkowie). Dla zuchów należących do mniejszości sugerowane jest zdobywanie sprawności wnuczka/wnuczki ze szczególnym uwzględnieniem niezwykłych korzeni rodzinnych.
Ad 2 Udokumentowała, czyli np. zrobiła zdjęcie, dokładnie przerysowała, opisała."
19;Zolty;Historyk;Historyk to zuch, który poznaje historię Polski. ;"1. Poznał postać ważną dla historii Polski i określił okres, w jakim żyła.
2. Odwiedził miejsce związane z historią Polski. 
3. Wie, jak powstał hymn państwowy, zna legendę o powstaniu godła i państwa polskiego. 
4. Potrafi uporządkować w kolejności najważniejsze wydarzenia z historii Polski.
5. Wie, skąd można czerpać informacje dotyczące historii. ";"Należy spróbować zainteresować dzieci także historią nowszą, zachęcając je do poszukiwań we własnej rodzinie czy okolicy. Jeśli to możliwe, warto odwiedzić z zuchami miejsca takie jak archiwum czy muzeum historyczne.
Ad 4 Zuch (w zależności od wieku!) potrafi uporządkować wydarzenia od początków państwowości do współczesności, takie jak Chrzest Polski, Zjazd Gnieźnieński, koronacja Bolesława Chrobrego, rozbicie dzielnicowe, bitwa pod Grunwaldem, hołd pruski, rozbiory, powstanie listopadowe, powstanie styczniowe, I wojna światowa, II wojna światowa, Powstanie Warszawskie, przełom roku 1989.
Ad 5 Przeprowadził własne poszukiwania, odwiedzając bibliotekę, czytając książki i czasopisma, oglądając programy edukacyjne, słuchając audycji i przeszukując zasoby Internetu oraz rozmawiając ze świadkami wydarzeń."
20;Zolty;Internauta;Internauta to zuch, który umie wyszukać w Internecie potrzebne informacje, wykorzystuje Internet do kontaktu z innymi, omija pułapki związane z siecią. ;"1. Wyszukał w sieci potrzebne informacje na dany temat. Przeniósł je do pamięci komputera.
2. Zna zagrożenia istniejące w sieci (np. wirusy, robaki, itp.). Wie, jak bronić przed nimi komputer.
3. Skontaktował się przez Internet z drużynowym, przybocznym lub zuchem.
4. Wie, co to są prawa autorskie. 
5. Zna zasady bezpiecznego korzystania z Internetu (nie podaje swoich danych, nie otwiera plików z nieznanego źródła, jest ostrożny przy kontaktach z obcymi w sieci itd.). ";Ad 4 Istotne jest uświadomienie zuchowi, że autorzy - twórcy dzieł - posiadają swoje prawa. Nielegalne jest więc np. ściąganie wypracowań z Internetu. 
21;Zolty;Kolekcjoner;Kolekcjoner to zuch, który zbiera przedmioty związane ze swoją pasją. Opiekuje się swoim zbiorem i ciekawie o nim opowiada.;"1. Ma swoją pasję, gromadzi zbiory z nią związane. Starannie je przechowuje. Opisał swoją kolekcję.
2. Zaprezentował swoje eksponaty, ciekawie o nich opowiedział.
3. Zdobywa informacje o kolekcjonowanych rzeczach, czerpiąc wiedzę z różnorodnych źródeł.
4. Używa „narzędzi"" potrzebnych w pracy kolekcjonera.
5. Poszerza swój zbiór o kolejne eksponaty – prowadzi wymianę z innymi zbieraczami.";Ad 5 Przy cennych zbiorach zuchy powinny uzyskać zgodę rodziców na wymianę. 
22;Zolty;Korespondent;Korespondent to zuch, który nawiązuje i utrzymuje kontakt na odległość z drugą osobą. Potrafi zaadresować list, wysłać paczkę. ;"1. Pisze starannie i poprawnie, zna podstawowe zwroty grzecznościowe i urzędowe, wie jak ich użyć.
2. Ułożył kilka tekstów z różnych okazji, napisał je na własnoręcznie wykonanej kartce lub papeterii. 
3. Napisał, poprawnie zaadresował i wysłał różne rodzaje listów. Potrafi obsługiwać pocztę elektroniczną.
4. Załatwił na poczcie sprawę np. nadał paczkę, kupił znaczki.
5. Rozpoczął korespondencję lub odpowiedział na list – stara się podtrzymywać kontakt. ";"Ad 2 Np. imieninowe, urodzinowe, podziękowanie za coś.
Ad 5 Stałość korespondencji jest istotnym czynnikiem zdobycia sprawności. "
23;Zolty;Lingwista;Lingwista to zuch, który umie porozumieć się w języku obcym. ;"1. Napisał krótki tekst w języku obcym.
2. Potrafi powiedzieć w języku obcym kilka zdań o sobie. Rozumie podstawowe zwroty, odpowie na proste pytania.
3. Przeczytał ze zrozumieniem fragment tekstu w języku obcym.
4. Wie, w jakich krajach Używa się języka, którego się uczy.
5. Zna pląs lub piosenkę w języku obcym.";Poziom realizacji wymagań należy dopasować do stopnia zaawansowania w nauce języka obcego. 
24;Zolty;Łamigłowa;Łamigłowa to zuch, który rozwiązuje różnego rodzaju łamigłówki, potrafi tworzyć własne. ;"1. Zna kilka zuchowych szyfrów, umie się nimi posługiwać.
2. Lubi rozwiązywać zadania matematyczne, ortograficzne, przyrodnicze i inne.
3. Poszukuje łamigłówek dla dzieci. 
4. Wymyśla własne rebusy, krzyżówki, łamigłówki lub gry planszowe.
5. Wytłumaczył innym rozwiązanie problemu lub zadania. ";
25;Zolty;Mały Europejczyk;Mały Europejczyk to zuch, który poznaje kraje Europy, ich zwyczaje i kulturę ;"1. Wie, co to jest Unia Europejska i rozpoznaje jej podstawowe symbole.
2. Zna podstawowe zwroty w co najmniej 5 językach europejskich (w tym jeden spoza UE).
3. Zna kilka zwyczajów lub świąt charakterystycznych dla kultury dwóch krajów europejskich, w tym jednego spoza UE.
4. Potrafi wymienić kilku sławnych współczesnych Europejczyków. Potrafi powiedzieć, czym się zajmowali/zajmują, czym się wsławili/czemu są słynni i z jakiego kraju pochodzili/pochodzą. ";"Należy zwrócić uwagę, żeby pojęcia „Europa” nie utożsamiać z Unią Europejską. Kraje nie będące członkami UE są często pomijane w szkolnych konkursach oraz relacjach mediów, a ich kultury są równie ciekawe i warto zainteresować nimi dzieci.
Ad 4 Ważne, by były to postacie mądre i wartościowe. "
26;Zolty;Obieżyświat;Obieżyświat to zuch, który poznaje różnorodność kultur, ludzi i krajów, orientuje się na mapie świata. ;"1. ""Odwiedził” kilka krajów – wie, jak żyją w nich ludzie, jaki mają kolor skóry, mowę, zwyczaje.
2. Wykonał, np. strój, zabawkę, potrawę charakterystyczną dla danego narodu.
3. Poznał podstawowe słowa w języku “odwiedzanych” krajów.
4. „Podróżując”, uczy się pląsów i piosenek związanych tematycznie z odwiedzanymi krajami.
5. Pokazał na mapie kontynenty i oceany. 
6. Wskazał na mapie co najmniej jeden „odwiedzany” kraj, zna jego flagę, godło, stolicę i charakterystyczne punkty geograficzne.";Sprawność przeznaczona jest dla zuchów, które poznają świat, nie wyjeżdżając z własnego kraju. Należy postarać się, aby wiadomości uzyskane przez zuchy wykraczały poza ogólnie znane fakty i stereotypy o poszczególnych państwach oraz ich mieszkańcach. 
27;Zolty;Obserwator;Obserwator to zuch, który jest spostrzegawczy i uważnie obserwuje świat wokół siebie. Potrafi dostrzec rzeczy, których inni nie zauważają. ;"1. Umie obserwować: znalazł nieprawidłowości w ubiorze, rysunkach, swoim otoczeniu.
2. Szczegółowo zapamiętuje sytuacje. Po upływie czasu potrafi je prawidłowo odtworzyć.
3. Odczytał ślady pozostawione na śniegu, miękkim gruncie, w trawie.
4. Ćwiczy zmysły.";Ad 4 Ćwicząc zmysły, np. dotrze do celu z zamkniętymi oczami, po zapachu, dźwięku, odszuka schowaną wiadomość, rozróżnia smaki, rozpoznaje przedmioty po dotyku. 
28;Zolty;Poeta;Poeta to zuch, który pisze wiersze i potrafi rymować. Używa poprawnej polszczyzny oraz interesuje się poezją. ;"1. Stara się poprawnie mówić i pisać po polsku. 
2. Lubi czytać wiersze, ma swojego ulubionego autora.
3. Układa rymowanki, okrzyki, życzenia na dowolne okazje.
4. Zaprezentował swoje wiersze. Umie przyjąć krytykę.
5. Zna postacie polskich poetów piszących dla dzieci i ich twórczość. ";
29;Zolty;Podróżnik;Podróżnik to zuch, który lubi podróżować, wie, dokąd jedzie i co ciekawego można tam zobaczyć. ;"1. Czyta książki podróżnicze. 
2. Poznał postać podróżnika lub badacza. 
3. Wskazał na mapie trasę swojej podróży, zdobył informację o miejscu, które odwiedzi.
4. Podczas pobytu zebrał pamiątki, zdjęcia, informacje. Przedstawił je po powrocie w ciekawej formie.
5. Podróżował przynajmniej trzema różnymi środkami lokomocji. ";"Sprawność przeznaczona jest dla zuchów podróżujących po Polsce i świecie. Ma zachęcić dzieci do świadomego poznawania nowych okolic. Należy zwrócić uwagę, że sprawność zdobywać mogą zarówno dzieci wyjeżdżające z rodzicami na wakacje, jak też uczestnicy zielonych szkół. Wyjazdy nie muszą być zagraniczne.
Ad 2 Zuch może poznać podróżnika osobiście lub za pośrednictwem książek, ew. spotkań z podróżnikami w ramach imprez turystycznych. "
30;Zolty;Przyjaciel Książki;Przyjaciel Książki to zuch, który chętnie czyta książki i potrafi o nie dbać.;"1. Czyta książki, także te, które nie są lekturami szkolnymi.  
2. Potrafi zainteresować książkami innych - opowiedział o ulubionym autorze lub ulubionej książce.
3. Zna kilka książek dla dzieci i ich autorów.

4. Ma swoją biblioteczkę. W razie potrzeby samodzielnie dokona naprawy lub oprawy książki.
5. Odnalazł i wypożyczył z biblioteki potrzebną mu książkę i oddał w terminie, w niezniszczonym stanie. ";
31;Zolty;Regionalna;Regionalna to zuch, który poznał wybrany region Polski. Zna jego najważniejsze legendy, miejsca i zwyczaje. ;"1. Zna zabytki, miejsca pamięci, ciekawostki danego regionu. Odwiedził w nim ważne miejsca.
2. Potrafi wskazać dany region na mapie Polski. 
3. Poznał legendy danego regionu. 
4. Zna regionalne święta. Jeśli to możliwe – wziął udział w ich obchodach, przedstawił zwyczaje z nimi związane. 
5. Zapoznał się z obyczajami danego regionu (np. potrawy, taniec, śpiew, gwara).
6. Wykonał element zdobnictwa lub stroju regionalnego. ";Sprawność można zdobywać zarówno w swoim regionie, jak też poznając region, gdzie się jest na kolonii. Uwzględniając specyfikę danego terenu i jego kultury, można zmodyfikować zadania tak, by pozwalały najpełniej zapoznać się z danym miejscem i jego mieszkańcami (ich historią, kulturą). 
32;Zolty;Strażnik Pamięci Narodowej;Strażnik Pamięci Narodowej to zuch, który kultywuje tradycje narodowe. ;"1. Pamięta o ważnych wydarzeniach w dziejach Polski, wie, jakie święta są z nimi związane.
2. W swojej okolicy wskazał miejsca związane z walką o niepodległość.
3. Zostawił ślad swojej obecności w miejscu pamięci narodowej (np. posprzątał, złożył kwiaty, zapalił znicz).
4. Zna patriotyczne pieśni i wiersze. 
5. Zachęcił innych do obchodów święta narodowego (np. wykonał plakat, zadbał o powieszenie flagi państwowej itp.). ";"Ad 1 Ważne wydarzenia w dziejach Polski to na pewno Odzyskanie Niepodległości i Uchwalenie Konstytucji 3 Maja. Poziom sprawności w dużej mierze zależy od wieku i predyspozycji zucha. Należy o tym pamiętać, decydując o ilości omawianych wydarzeń, odwiedzanych miejsc, pieśni i wierszy.
Ad 2 Warto, by zuch wziął udział w spotkaniach z seniorem, uczestnikiem walk o niepodległość, także z czasu PRL. 
"
33;Zolty;Wskazidroga;Wskazidroga to zuch, który zna swoją najbliższą okolicę i orientuje się w terenie, umiejętnie korzystając z map, planów. ;"1. Posługuje się planem miasta – wskazał drogę do wybranego punktu.
2. W swojej okolicy zna drogę do ważnych miejsc (np. do apteki, biblioteki, sklepu, kościoła, na dworzec).
3. Odwiedził interesujące miejsca w swojej okolicy i zna ciekawostki z nimi związane.
4. Wie, w jaki sposób dotrzeć do własnego domu z różnych miejsc. Potrafi skorzystać z transportu publicznego (sprawdził rozkład jazdy, kupił bilet). Poruszając się po ulicy, pamięta o zasadach bezpieczeństwa. ";Ad 4 W przypadku miejscowości nie posiadających komunikacji wewnętrznej, należy zwrócić uwagę na PKS i PKP. 
34;Zielony;Botanik;Botanik to zuch, który interesuje się botaniką (roślinami). Zna gatunki roślin poszczególnych kontynentów, rozpoznaje charakterystyczne dla nich strefy roślinności. ;"1. Wie, jaki strefy roślinności są charakterystyczne dla danego kontynentu i rozpoznaje charakterystyczne dla nich rośliny (np. Australia – eukaliptus, Afryka – baobab).
2. Umie rozpoznać różne części roślin. Wie, do czego mogą służyć.
3. Szuka informacji i ciekawostek na temat roślin (dotyczących ich budowy i funkcji w przyrodzie).
4. Zna kilka roślin chronionych i wie, dlaczego nie można ich zrywać.
5. Odwiedził miejsce, gdzie można znaleźć ciekawe rośliny. Poznaje różne gatunki roślin, także egzotycznych.";"Ad 1 Chodzi tu o zapoznanie zuchów z pojęciami typu sawanna, dżungla, tajga.
Ad 2 Nazwanie wielu części roślin wcale nie jest oczywiste, np. ziemniak to bulwa, ale marchew to korzeń.
Ad 5 Np. ogród botaniczny, palmiarnię, wystawę roślin. "
35;Zielony;Ekoludek;Ekoludek to zuch, który uczy się chronić środowisko naturalne i oszczędnie korzystać z jego zasobów. ;"1. Zna zagrożenia środowiska i wie, jak z nimi walczyć.
2. Wie, jak i dlaczego segreguje się śmieci. Segregował je w domu, szkole lub harcówce – przynajmniej przez miesiąc.
3. Dba o to, by nie marnować wody, prądu, papieru itd.
4. Zna produkty ekologiczne (papierowe torby, zeszyty makulaturowe) i ich oznaczenia, stara się ich używać.
5. Brał udział np. w sprzątaniu lasu, parku, akcji sadzenia drzewek itp.
6. Propaguje „ekologiczny styl życia” w swoim otoczeniu. ";Ad 4 Staramy się kształcić nawyki ekologiczne od najmłodszych lat, uczymy rozpoznawać, jakie produkty są ekologiczne, których warto używać, aby chronić środowisko. 
36;Zielony;Ogrodnik;Ogrodnik to zuch, który systematycznie i dokładnie opiekuje się roślinami w swoim otoczeniu (np. w domu, ogrodzie). ;"1. Hoduje (zasadził, przesadził, przyciął) dowolną roślinę w doniczce, na balkonie lub w ogrodzie. Zna jej potrzeby.
2. Wie, jak wykorzystać wyhodowane rośliny.
3. Umie rozpoznać rośliny rosnące w ogrodzie, używając różnych zmysłów.
4. Zna zarówno zwierzęta pożyteczne dla roślin, jak i szkodniki.
5. Uczestniczył w pracach ogrodniczych. Wie, jakich narzędzi może podczas nich Użyć. ";"Ogrodnik to zuch, który poznaje potrzeby różnych roślin, rozumie, dlaczego niektóre trzeba podlewać więcej, inne mniej, jedne potrzebują więcej słońca, inne mniej itp.
Ad 2 Np. przyrządził z nich prosty posiłek, zrobił bukiet. "
37;Zielony;Przyjaciel Lasu;Przyjaciel Lasu to zuch, który często odwiedza las, umie się w nim zachować, nie niszczy lasu, nie boi się w nim przebywać i chce poznawać jego tajemnice. ;"1. Często przebywa w lesie podczas spacerów i zabaw.
2. Zna i potrafi wskazać warstwy lasu oraz rozróżnia roślinność w nich występującą.
3. Znajduje ślady życia zwierząt ptaków i owadów w lesie.
4. Zbiera dary lasu, nie niszcząc przy tym przyrody. Potrafi je wykorzystać.
5. Zna niektóre gatunki grzybów. Wie, które z nich można zbierać, a które są trujące.
6. Chroni las.";"Warto poznawać las, korzystając z wiedzy ekspertów, organizować spotkania z leśniczym, wycieczki ścieżkami dydaktycznymi itp.
Ad 2 Warstwy lasu w znaczeniu najprostszym, czyli drzewa, krzewy, poszycie itp.
Ad 5 Należy bezwzględnie uczulić dzieci na niebezpieczeństwa związane ze zbieraniem grzybów w ogóle, a zwłaszcza tych nieznanych.
Ad 6 Np. wie, jak nie dopuścić do pożaru. "
38;Zielony;Przyjaciel Ptaków;Przyjaciel Ptaków to zuch, który interesuje się ptakami, pogłębia wiedzę na ich temat. ;"1. Rozpoznaje po wyglądzie kilka gatunków ptaków. Zna kilka informacji o każdym z nich.
1. Obserwował życie ptaków na wolności, nie zakłócając ich życia. 
2. Obserwował życie ptaka w niewoli i jego zachowanie względem ludzi. Dowiedział się, jak zadbać o jego potrzeby.
3. Znalazł kilka ptasich piór. Wie, do czego służą ptakom poszczególne ich rodzaje.
4. Zrobił karmnik dla ptaków. Systematycznie prowadził ptasią stołówkę dla zimujących ptaków lub w lecie/jesienią zgromadził ptasi pokarm. ";"Przyjaciel ptaków zachowuje ""ptasie tajemnice"", nie niszczy gniazd, potrafi wytłumaczyć innym ważność takich zachowań.
Ad 2 Np. odnalazł gniazdo, wypatrzył kilka ptaków, widział, jak zdobywają pokarm. "
39;Zielony;Przyjaciel Zwierząt;Przyjaciel Zwierząt to zuch, który troszczy się o zwierzę domowe i dostrzega jego potrzeby. ;"1. Jest przyjacielem zwierząt, nie pozwala ich krzywdzić.
2. Systematycznie opiekuje się zwierzęciem domowym. Wie, jak je karmić, pielęgnować, zapobiegać chorobom.
3. Pogłębia swoją wiedzę dotyczącą opieki nad zwierzęciem, np. pójdzie z nim do weterynarza albo zasięgnie porady u eksperta bądź przeczyta książkę.
4. Przedstawił gromadzie informacje na temat jednego gatunku zwierząt domowych. ";"Zuch nie musi opiekować się wyłącznie swoim zwierzęciem, może to być np. zwierzę ze schroniska. Czas realizacji sprawności zależy od indywidualnych możliwości zucha.
Ad 1 Warto rozszerzyć sposób realizacji tego zadania o formę sprawdzającą wiedzę zucha na temat pielęgnacji zwierząt. "
40;Zielony;Przyrodnik;Przyrodnik to zuch, który odkrywa przyrodę. Uczy się ją obserwować i dostrzegać jej piękno. ;"1. Poznaje piękno i tajemnice przyrody.
2. Odnalazł zwierzę w jego środowisku naturalnym.
3. Rozpoznał podstawowe gatunki roślin.
4. Szanuje przyrodę. Wie, jakie zachowania są szkodliwe dla środowiska
5. Umie posługiwać się przewodnikiem przyrodniczym.
6. Wie, po co są tworzone parki narodowe. Wskazał na mapie, co najmniej dwa z polskich parków narodowych i wymienił kilka gatunków roślin i zwierząt chronionych. ";"Ad 1 Np. wzrost roślin, bieg rzeki i inne zmiany zachodzące w przyrodzie. Podczas poznawania świata przyrody należy zwrócić dzieciom uwagę nie tylko na rośliny i ssaki, ale również owady. Dzieci potrafią być czasem wobec nich okrutne.
Ad 3 Np. kilka drzew, ziół i kwiatów.
Ad 5 Przewodnik przyrodniczy to pozycja popularnonaukowa zawierająca zdjęcia roślin i zwierząt z krótkimi opisami. "
41;Zielony;Rolnik;Rolnik to zuch, który poznał życie na wsi, podjął się prostych prac gospodarskich. ;"1. Podpatrzył dzień z życia gospodarstwa wiejskiego.
2. Poznał zwierzęta gospodarskie. Wie, jak się przy nich zachować. Pomógł w ich karmieniu i pielęgnacji.
3. Wykonał proste prace gospodarskie. 
4. Wie, jak się zachować w pobliżu maszyn rolniczych.
5. Rozpoznał po kłosach cztery zboża, wie, do czego są przydatne.
6. Poznał ludowe zwyczaje (przysłowia, przyśpiewki). ";"Warto tak zaplanować pracę gromady, żeby zuchy poznały życie w gospodarstwie wiejskim co najmniej podczas dwóch pór roku.
Ad 3 Np. pielenie, wybieranie kamieni, zgrabienie siana, pomoc przy żniwach. 
"
42;Zielony;Traper;Traper to zuch posiadający umiejętności puszczańskie i wyrabiający w sobie postawę Robinsona. Jest zaradny i umie poradzić sobie w lesie. ;"1. Pod okiem drużynowego, nie niszcząc przyrody, zrobił leśną budowlę, np. szałas.
2. Potrafi zamaskować siebie i swoją budowlę w lesie.
3. Rozpoznaje różne rodzaje drewna i potrafi je odpowiednio zastosować (łuk, rzeźba).
4. Zna techniki potrzebne traperowi. Potrafi posłużyć się potrzebnymi narzędziami pionierskimi.
5. Obserwował las w określonej porze dnia i opowiedział o swoich spostrzeżeniach innym zuchom. ";"Sprawność przeznaczona jest dla starszych zuchów, nie mogą one jednak w żadnym wypadku przebywać same w lesie, drużynowy/drużynowa musi również wyjaśnić zuchom, jakie korzyści przynosi obserwowanie lasu i jego mieszkańców.
Ad 4 Pod pojęciem technik należy rozumieć np. podstawowe węzły i znaki patrolowe. "
43;Zielony;Wędrowiec;Wędrowiec to zuch, który lubi wędrować i potrafi przygotować się do wyprawy. ;"1. Lubi wycieczki, był na kilku z nich bez względu na pogodę. Obserwuje otaczającą przyrodę.
2. Ma swój ekwipunek turystyczny. Wie, jak się ubrać zależnie od pogody, pory roku, wykonywanego zadania.
3. Potrafi spakować swój plecak. 
4. Wie, jak uniknąć przeziębienia, odparzenia, odmrożenia nóg. 
5. Umie rozpoznać szlak i bezpiecznie poruszać się po nim, wskaże miejsca odpoczynku. Uczy się korzystać z mapy (szkicu drogi). ";"Ad 2 Wędrowiec to zuch, który wie, jakich rzeczy nie można zapomnieć na plażę, w góry itp.
Ad 4 Starsze zuchy powinny poznać sposoby wyznaczania kierunków świata. "
44;Zielony;Wicherek;Wicherek to zuch, który potrafi obserwować pogodę.;"1. Zna obieg wody w przyrodzie. Za pomocą wykonanego przyrządu dokonał pomiaru świadczącego np. o zmianach ciśnienia.
2. Wie, skąd i dlaczego napływa ciepłe i zimne powietrze. Potrafi odczytać mapę pogody (w TV, w gazecie).
3. Zaobserwował, jak przy różnej pogodzie zachowuje się przyroda (dżdżownice, jaskółki, szyszki itp.).
4. Poznał ludowe sposoby przepowiadania pogody. ";"Trzeba pomóc zuchowi dostrzec korzyści, jakie wynikają z umiejętności obserwowania pogody - dzięki temu lepiej zrozumie zmiany zachodzące w przyrodzie.
Ad 2 Starsze zuchy można dodatkowo zainteresować rodzajami chmur.
Ad 4 Np. przysłowia, kolor chmur o zachodzie słońca. "
45;Zielony;Wiewiór;Wiewiór to zuch, który poznał przyrodę w swoim mieście. Interesuje się jego parkami i zamieszkującymi je zwierzętami. ;"1. Zna parki w swojej okolicy. Wie, jak do nich trafić i jak się w nich zachować.
2. Wie, jakie zwierzęta żyją w parku (gryzonie, owady, ptaki).
3. Wie, jakie drzewa rosną w wybranym parku. Zwraca uwagę na jego gniazda, dziuple, „schowki”.
4. Zatroszczył się o swój park. ";Ad 4 Np. posprzątanie, przygotowanie tabliczek informacyjnych, naprawienie ławki (to bardziej chłopcy), założenie karmnika 
46;Zielony;Zielarz;Zielarz to zuch, który zna i potrafi odnaleźć podstawowe rośliny lecznicze. Wie, jakie mają zastosowanie. ;"1. Odnalazł rośliny lecznicze i rozpoznał rośliny szkodliwe.
2. Zna i stosuje zasady prawidłowego zbierania ziół (szanując przyrodę).
3. Wie, jak ususzyć zioła (liść maliny, kwiat rumianku, babkę, kwiatostan czarnego bzu itp.).
4. Umie rozpoznawać zioła po zapachu, kolorze, smaku (wywar lub herbata).Wie, jakie mają działanie.";Sprawność bardzo trudna, która wymaga starannego przygotowania się drużynowego/drużynowej, np. w zakresie prawidłowego zbierania ziół. 
47;Zielony;Zimoludek;Zimoludek to zuch ciekawy zmian w przyrodzie zimą. ;"1. Zna kilka zabaw na śniegu.
2. Zrobił śnieżną budowlę. 
3. Umie zabezpieczyć się przed zimnem
4. Podpatrzył zimowe życie zwierząt
5. Pomaga zwierzętom i roślinom przetrwać zimę. ";"Ad 3 Oddycha przez nos, wysuszy buty itp.
Ad 4 Np. rozpoznaje ich tropy na śniegu, wie, jak przygotowały się do przetrwania zimy.
Ad 5 Np. sposoby ochrony roślin i zwierząt przed zimnem, dokarmianie. "
48;Zielony;Zoolog;Zoolog to zuch, który interesuje się zwierzętami, zna ich gatunki z różnych części świata. ;"1. Zna zwierzęta z różnych kontynentów i środowiska ich życia. 
2. Potrafi wymienić zwierzęta żyjące na lądzie, w wodzie, w powietrzu, w ziemi.
3. Obserwował życie zwierząt na wolności i w niewoli oraz ich zachowanie względem człowieka.
4. Rozróżnia tropy różnych zwierząt.
5. Rozpoznaje gatunki zwierząt. Zna nazwy samca i samicy kilku gatunków.
6. Wie, które zwierzęta są pod ochroną i w jaki sposób ludzie chronią gatunki zagrożone wyginięciem. ";"Ad 1 patrz BOTANIK
Ad 4 Jest to zadanie bardzo trudne. Na pewno już osiągnięciem będzie, gdy zuch rozpozna np. w lesie, czy konkretne ślady zostały pozostawione przez zwierzę leśne czy domowe."
49;niebieski;Cukiernik ;Cukiernik to zuch, który potrafi przyrządzić proste desery i inne słodkości oraz estetycznie je podać. ;"1. Upiekł ciasto lub ciasteczka.
2. Przygotował wg przepisu budyń, kisiel lub galaretkę.
3. Przyrządził prosty deser na zimno.
4. Pomógł w przygotowaniu wypieków lub wie, jakie stanowią tradycję świąteczną.
5. Zachowuje czystość podczas przygotowywania wypieków i deserów- estetycznie je podaje.
6. Potrafi udekorować stół na różne okazje.";
50;niebieski;Czyścioszek;Czyścioszek to zuch, który dba o higienę osobistą i porządek wokół siebie.;"1. Zna i stosuje zasady higieny.
2. Utrzymuje swoje rzeczy w czystości i porządku (np. pierze bieliznę osobistą, czyści buty, składa ubrania).
3. Starannie sprząta swój pokój (kącik) lub salę na kolonii.
4. Dba o powierzone mu rzeczy
5. Systematycznie pomaga w pracach domowych. ";
51;niebieski;Eskulap;Eskulap to zuch, który dba o zdrowie, potrafi zaradzić w drobnych wypadkach, umie wezwać lekarza. ;"1. Wie, jak zaradzić w przypadku skaleczenia, krwotoku z nosa, opuchlizny, oparzenia, ukąszenia przez owada- umie zachować się przy chorym.
2. Zna podstawowe leki i środki opatrunkowe, wie, jak należy je przechowywać.
3. Zna nazwy i zastosowanie podstawowych ziół leczniczych.
4. Umie wezwać pomoc lekarską, wie, gdzie jest najbliższa apteka i przychodnia, szpital.
5. Ubiera się zależnie od pory roku i sytuacji (np. wycieczka, zabawa w pomieszczeniu).
6. Stara się dzielnie znosić ból. ";Przy sprawności tej należy zwrócić uwagę, by zuchy same nie podawały żadnych lekarstw i wiedziały, że nie mogą ich same (bez wiedzy dorosłych) przyjmować. 
52;niebieski;Grosik;Grosik to zuch, który jest oszczędny, rozsądnie wydaje pieniądze. ;"1. Jest uczciwy i oszczędny, zawsze rozlicza się z powierzonych pieniędzy.
2. Umie liczyć w pamięci i na kalkulatorze.
3. Zna ceny podstawowych produktów, potrafi przewidzieć koszt zakupów na podstawie przygotowanej listy.
4. Umie zaoszczędzić pieniądze i wydać je w pożyteczny sposób.
5. Wie, jakich pieniędzy Używali nasi przodkowie i jakich Używa się w innych krajach. ";Ad 3. Warto zwrócić uwagę na ogólną świadomość cen, by zuchy wiedziały, ile kosztują artykuły spożywcze, a ile trzeba wydać na zabawki, ubrania itd. 
53;niebieski;Krawiec;Krawiec to zuch, który potrafi posługiwać się igłą i nitką, dokonać nieskomplikowanych napraw ubrania i uszyć prostą rzecz. ;"1. Ma swój zestaw krawiecki (igła i nitka, guziki, agrafki), potrafi się nimi posługiwać.
2. Nie marnuje resztek materiału – ze skrawków uszył coś pożytecznego, np. zabawkę, podarunek, element stroju.
3. Dba o mundur: przyszył guzik, sprawność, zaszył rozdarcie.
4. Jest staranny i dokładny podczas pracy.";
54;niebieski;Kuchcik;Kuchcik to zuch, który potrafi samodzielnie przygotować prosty posiłek, jest staranny i ostrożny podczas prac kuchennych. ;"1. Przygotował prosty posiłek, prawidłowo parzy herbatę, gotuje mleko, kakao.
2. Przyrządził surówki, sałatki i desery.
3. Pomaga w domu podczas pracy w kuchni.
4. Rozpoznał podstawowe przyprawy i produkty spożywcze po zapachu i smaku.
5. Umie posługiwać się książką kucharską, odnajdzie przepis na wybraną potrawę.
6. Zachowuje czystość podczas prac kuchennych – myje ręce przed i po pracy, pamięta o myciu warzyw i owoców. ";Istotne jest, aby zuch zdobywający tę sprawność potrafił odmierzyć lub odważyć potrzebne ilości produktów. Należy zwrócić uwagę na to, czy domowe warunki zucha pozwalają mu na realizację zadań. Warto też podejmować różne kulinarne przedsięwzięcia na zbiórkach. 
55;niebieski;Sobieradek;Sobieradek to zuch, który wyróżnia się zaradnością, potrafi coś naprawić i zbudować. ;"1. Skonstruował drobny przedmiot potrzebny w gromadzie lub jako podarunek dla innych.
2. Dokonał prostych napraw (przybił, wyczyścił, podkleił, przyszył itp.).
3. Utrzymuje w porządku swoje przybory do majsterkowania, po wykonanej pracy sprząta.
4. W czasie pracy zachowuje należytą staranność i ostrożność.";
56;niebieski;Wnuczek;Wnuczek to zuch, który opiekuje się osobami starszymi- szanuje je, chce się od nich czegoś nauczyć. ;"1. Zna dzieje swojej rodziny i historię rodzinnej pamiątki.
2. Odwiedza swoich dziadków, a jeśli nie jest to możliwe, pisze listy, dzwoni. Pamięta o ich świętach.
3. Dowie się, jak wyglądało dzieciństwo dziadków – życie domowe, zabawki itd.
4. Sprawił radość komuś starszemu 
5. Pomaga starszym w drobnych pracach domowych. ";"Sprawność ta przeznaczona jest również dla zuchów, które nie mają swoich dziadków (wówczas próbują w miarę możliwości odwiedzać ich groby oraz dotrzeć do innych osób starszych i od nich uczyć się mądrości życiowej).
Ad 4 Np. wykonał prezent, wziął udział w przedstawieniu. "
57;fioletowy;Aktor;Aktor to zuch, który odgrywa różnorodne role, chętnie bierze udział w przedstawieniach wystawianych przed publicznością. ;"1. Poprawnie wypowiada teksty aktorskie, modeluje głos w zależności od charakteru danej roli.
2. Wraz z gromadą przygotował przedstawienie, podczas którego, pokonując tremę, zaprezentował swoją rolę przed publicznością.
3. Za pomocą pantomimy przedstawił różne nastroje, uczucia, czynności.
4. Odgrywa różne role w teatrze samorodnym
5. Był w teatrze. Obserwując grę aktorów, wzbogaca swoje umiejętności sceniczne. ";Ad 4 Nie tylko role postaci, także zwierząt, przedmiotów. 
58;fioletowy;Charakteryzator;Charakteryzator to zuch, który potrafi zmienić wygląd osoby adekwatnie do roli, jaką ma ona odgrywać. ;"1. Przy pomocy farb do twarzy, kosmetyków, dodatkowych materiałów (peruka, sztuczne wąsy, broda) potrafi zmienić wygląd twarzy bądź ciała aktora. Usunął charakteryzację w bezpieczny sposób.
2. Rozróżnia części garderoby. Dobrał strój dla aktora.
3. Wie, jak ubierali się ludzie w różnych epokach, kulturach, regionach.
4. Przygotował dowolny dodatek stroju ";
59;fioletowy;Dekorator;Dekorator to zuch, który potrafi estetycznie ozdobić wnętrze.;"1. Zaprojektował dekorację wnętrza.
2. Wykonał element dekoracji. W swoich pracach wykorzystał różne materiały.
3. Umie pracować w grupie, liczy się ze zdaniem innych dekoratorów, słucha uwag.
4. Podczas prac zachowuje należytą ostrożność. ";Ad 2 Np. płótno, styropian, kartony, farby, dary przyrody itd. 
60;fioletowy;Delfin;Delfin to zuch, który potrafi się zachować w wodzie, umie pływać i zna kilka wodnych zabaw.;"1. Lubi pływać, przestrzega zasad kąpieli.
2. Przepłynął 15 m dowolnym stylem. 
3. Chętnie bierze udział w zabawach i grach wodnych, przestrzega zasad
4. Umie się ochronić przed ostrym słońcem, zna i stosuje zasady bezpiecznego przebywania na słońcu. ";Trzeba bezwzględnie przestrzegać zasad bezpieczeństwa podczas realizowania poszczególnych zadań. 
61;fioletowy;Fotograf;Fotograf to zuch, który utrwala otoczenie na zdjęciach, poznaje tajniki fotografowania. ;"1. Utrwalił na zdjęciu ciekawy moment z życia gromady. Przekazał zdjęcie do kroniki.
2. Wykonał różne rodzaje zdjęć.
3. Uporządkował zrobione zdjęcia.
4. Zaprezentował swoje prace.
5. Zna podstawowe zasady fotografowania
6. Zapoznał się z pracami profesjonalnego fotografa. ";"Ad 2 Np. przyrodnicze, portret, krajobraz, zdjęcie w ruchu, zbliżenie.
Ad 3 W zależności od nośnika: włożył do albumu, opisał, stworzył katalog w komputerze.
Ad 4 W formie wystawy, pokazu multimedialnego itd.
Ad 5 Takimi jak Użycie zoomu, lampy błyskowej, wykorzystanie prawidłowego oświetlenia.
Ad 6 Warto odwiedzić studio fotograficzne, ale zadanie to może być wykonane także poprzez obejrzenie wystawy, albumu. "
62;fioletowy;Gimnastyk;Gimnastyk to zuch, który lubi się gimnastykować. Jest zwinny, chętnie bierze udział w ćwiczeniach i potrafi się do nich przygotować. ;"1. Lubi się gimnastykować, jest sprawny, przestrzega zasad bezpieczeństwa.
2. Wykonał ćwiczenia gimnastyczne
3. Jest zwinny, skacze, wspina się po drzewach, drabinie.
4. Wykonał przybory do gier i ćwiczeń. ";"Trzeba bezwzględnie przestrzegać zasad bezpieczeństwa podczas realizowania poszczególnych zadań.
Ad 4 Np. woreczki, skakankę, tarczę do rzucania. "
63;fioletowy;Kronikarz;Kronikarz to zuch, który uważnie obserwuje otoczenie i spisuje swoje spostrzeżenia w sposób zrozumiały, ciekawy i estetyczny. ;"1. Opisał starannie i poprawnie kilka dni (zbiórek) w kronice. W swoim wpisie starał się jak najwierniej odtworzyć historię, wydarzenie.
2. Ozdobił wpisy rysunkami
3. Umieścił w kronice zdjęcia lub inne pamiątki ilustrujące opisane zdarzenie.
4. Wykorzystał różne rodzaje pisma.
5. Starannie prowadzi zeszyty, nie robi błędów ortograficznych.
6. Przeczytał opis wydarzenia umieszczonego w gazecie dziecięcej, kronice, książce. ";Ad 5 Niektóre dzieci mogą mieć kłopoty z ortografią z powodu skłonności do dysleksji. Należy wtedy formułować to zadanie ze szczególnym wyczuciem sytuacji. 
64;fioletowy;Kukiełkarz;Kukiełkarz to zuch, który lubi teatr lalek. Bierze udział w przedstawieniach, podczas których ożywia lalki, podkłada swój głos. ;"1. Rozróżnia rodzaje lalek. Wie, jak porusza się każdą z nich.
2. Przygotował przedstawienie i wystąpił w nim, ożywiając lalki głosem i ruchami.
3. Wykonał kukiełkę z niestandardowych materiałów.
4. Wykorzystał wykonane przez siebie kukiełki do odegrania krótkich scenek. ";Ad 3 Np. rękawiczek, warzyw itd. 
65;fioletowy;Malarz;Malarz to zuch, który maluje różne typy obrazów, rozróżnia i staranie dobiera do nich barwy oraz ogląda prace innych artystów. ;"1. Maluje na podstawie wzoru, z natury oraz według własnego pomysłu.
2. Wie, jak z trzech podstawowych barw otrzymać inne.
3. Wykonał pracę malarską potrzebną w gromadzie.
4. Poznał nową technikę malarską.
5. Po wykonanej pracy pozostawia miejsce w czystości, myje i suszy pędzle, porządkuje farby, odkłada wszystko na swoje miejsce.
6. Oglądał prace malarzy. Zna obrazy wybranego malarza polskiego. ";Ad 6 Warto tak zaplanować pracę, by zuch zobaczył wystawę wybranego malarza, ale zadanie może być zrealizowane również z wykorzystaniem reprodukcji. 
66;fioletowy;Mistrz Gier i Zabaw;Mistrz Gier i Zabaw to zuch, który chętnie bierze udział w różnych grach i zabawach, zachęcając do tego innych. ;"1. Zna różne rodzaje gier.
2. Przestrzega zasAd fair play. 
3. Wcielił się w rolę sędziego.
4. Nigdy się nie nudzi. Nauczył innych gry, zabawy. 
5. Wykonał do zabawy potrzebny rekwizyt lub wykorzystał przedmiot codziennego użytku. ";"Ad 1 Sprawność zakłada znajomość gier zespołowych, planszowych, strategicznych, ruchowych i innych.
Ad 2 W szczególności: umie przegrywać, nie obnosi się ze zwycięstwem, potrafi dopingować inne zuchy.
Ad 3 Postać sędziego może pojawić się nie tylko w grach, które z założenia zakładają jego obecność. Zuch - sędzia może obserwować przebieg każdej gry, reagować, kiedy zasady zostają naruszone. "
67;fioletowy;Mistrz Kółek;Mistrz Kółek to zuch, który jeździ na rolkach, wrotkach, rowerze, hulajnodze lub innym sprzęcie jeżdżącym, zna przepisy ruchu drogowego i przestrzega zasad bezpieczeństwa. ;"1. Jeździ na rowerze, wrotkach, rolkach, hulajnodze itp., wykonał slalom i ósemkę, pokonał tor przeszkód.
2. Zna i przestrzega przepisy ruchu drogowego.
3. Jest mistrzem kółek – pokazał kilka sztuczek, zachowując należytą ostrożność.
4. Dba o sprzęt sportowy, potrafi dokona jego prostych napraw. ";
68;fioletowy;Muzyk;Muzyk to zuch, który gra na instrumencie i interesuje się muzyką;"1. Zagrał melodię na wybranym instrumencie
2. Zaakompaniował gromadzie na instrumencie.
3. Zna nazwy i wartości nut, podstawowe znaki muzyczne.
4. Zna kilku kompozytorów (polskich i zagranicznych), i co najmniej jeden utwór każdego z nich.
5. Oglądał pracę muzyków, był na koncercie. 
6. Rozróżnia kilka rodzajów muzyki. ";"Ad 2 Młodsze zuchy mogą grać na instrumentach perkusyjnych np. bęben, kastaniety, talerze, werbel, trójkąt, dzwonki.
Ad 5 Koncert, zależnie od możliwości, może być w wykonaniu profesjonalnych muzyków, ale także amatorów (np. harcerzy z bratniej drużyny). “Oglądanie pracy muzyków” to nic innego, jak obserwowanie, jak orkiestra przygotowuje się do koncertu, stroi instrumenty itp. "
69;fioletowy;Olimpijczyk;Olimpijczyk to zuch, który interesuje się olimpiadami sportowymi, chętnie uczestniczy w grach i ćwiczeniach, chce poprawiać swoje osiągnięcia sportowe.;"1. Zna ideę olimpiad sportowych.
2. Zna kilka dyscyplin olimpiady zimowej i letniej, spróbował swoich sił w jednej z nich.
3. Zna symbole olimpijskie oraz podstawowe wydarzenia z historii olimpiad
4. Zna postać Polaka – olimpijczyka
5. Poprawił swój wynik w wybranej dziedzinie sportu.
6. Zaproponował jedną konkurencję podczas zawodów w gromadzie. Jasno przedstawił jej zasady.
7. Jest sprawiedliwy i uczciwy, zawsze przestrzega ustalonych zasad ";
70;fioletowy;Piłkarz;Piłkarz to zuch, który lubi piłkę nożną, umie wykonać podstawowe zagrania i uczestniczył w meczu piłkarskim.;"1. Zna przepisy gry w piłkę nożną, zawsze postępuje zgodnie z nimi, zagrał na różnych pozycjach.
2. Prowadzi piłkę prawą i lewą nogą, potrafi ją podbić, zatrzymać, wybić z rogu czy rzucić z autu.
3. Przeprowadził rozgrzewkę. Rzucając lub strzelając, trafia do celu z różnych odległości, podaje piłkę.
4. Zorganizował rozgrywki z piłką dla dzieci lub uczestniczył w meczu pomiędzy drużynami. ";
71;fioletowy;Plastyk;Plastyk to zuch, który ma wiele pomysłów plastycznych i potrafi je zrealizować. Z pozornie niepotrzebnych rzeczy umie zrobić coś pożytecznego, estetycznego.;"1. Umie kreatywnie wykorzystać przedmioty codziennego użytku do tworzenia konstrukcji potrzebnych w zabawie.
2. Potrafi stworzyć prace różnymi technikami.
3. Wykonał drobiazgi z oryginalnych materiałów.
4. Wykonał pracę, używając pisma ozdobnego.
5. Zaprezentował swoje prace. Umie przyjąć krytykę.
6. Pomógł innemu zuchowi w zrobieniu elementu ozdobnego. ";"Ad 1 Np. wieża z krzeseł, rakieta z kartonów.
Ad 3 Np. łupiny od orzecha, serwetki papierowe, klamerki do prania. "
72;fioletowy;Rzeźbiarz;Rzeźbiarz to zuch, który tworzy trójwymiarowe dzieła, poznaje rzeźby innych artystów. ;"1. Wykonał rzeźbę własnego projektu
2. Zna zasady proporcji (prawidłowo odwzorowuje rzeczywistość)- potrafi stworzyć projekt wg tych zasad
3. Używa różnych materiałów i tworzy swoje dzieła różnymi technikami.
4. Dba o miejsce pracy i przybory, po pracy- sprząta.
5. Zna kilka rzeźb sławnych twórców. ";Ad 3. Materiały to np. modelina, gips, glina, masa papierowa, masa solna, plastelina, kora, drewno. 
73;fioletowy;Sportowa;Sportowa to zuch, który regularnie trenuje wybraną dziedzinę sportu i stara się być w niej coraz lepszy. ;"1. Trenuje wybraną dyscyplinę sportową. Doskonali się w niej. Zawsze dba o odpowiednią rozgrzewkę.
2. Zna i potrafi zastosować różne techniki związane z daną dziedziną sportową.
3. Zna historię wybranej dziedziny sportu (ciekawe wydarzenia, postaci).
4. Nauczył inne zuchy podstaw danej dyscypliny lub zaprezentował swoje umiejętności.
5. Zna zasady obowiązujące w tej dyscyplinie, zawsze ich przestrzega. Wie, jaki jest wymagany strój i sprzęt.";Nazwa sprawności jest zmieniana w zależności od uprawianej przez zucha dyscypliny – np. narciarz, koszykarz. 
74;fioletowy;Strażnik Skarbca;Strażnik Skarbca to zuch, który dba w sposób szczególny o rzeczy należące do gromady. ;"1. Dopilnował, by na rajd, wycieczkę, zwiad został zabrany totem (bądź inny symbol) gromady- opiekował się nim podczas zbiórki.
2. Zapamiętał, co i gdzie znajduje się w skarbcu gromady. Zatroszczył się, by po wykonanej pracy wszystkie wykorzystywane rzeczy trafiły na swoje miejsce.
3. Podczas majsterki wykorzystał odpowiednią ilość materiałów.
4. Zna historię bądź znaczenie przynajmniej jednego z obrzędowych elementów znajdujących się w skarbcu. ";Przez „zuchowy skarbiec” rozumiemy zarówno miejsce, w którym zgromadzone są elementy obrzędowe gromady, jak i dobro wspólne gromady. 
75;fioletowy;Śpiewak;Śpiewak to zuch, który lubi śpiewać, pląsać i zachęca do tego innych.;"1. Śpiewa piosenki i pląsa przy różnych okazjach.
2. Potrafi zaśpiewać kilka pieśni ludowych, patriotycznych, turystycznych, zuchowych itp.
3. Nauczył zuchy nowej piosenki
4. Nie wstydzi się śpiewać przed publicznością.";
76;fioletowy;Tancerz;Tancerz to zuch, który lubi tańczyć i zachęca do tego innych. ;"1. Zna kroki kilku tańców towarzyskich i jednego ludowego.
2. Wymyślił ukłAd taneczny do wybranej piosenki lub melodii.
3. Nauczył inne dzieci podstawowych kroków lub ruchów dowolnego tańca.
4. Bez przygotowania kroków zatańczył do usłyszanej melodii. ";
77;fioletowy;Technik Teatralny;Technik Teatralny to zuch, który dba o przedstawienie od strony technicznej.;"1. Brał udział w etapie przygotowań do przedstawienia od strony technicznej.
2. Uczestniczył w próbach, a później w przedstawieniu, zajmując się obsługą swojego elementu technicznego
3. Odwiedził kulisy prawdziwego teatru. ";Sprawność technika teatralnego powstała z myślą o zuchach, które nie lubią występować na scenie, ale chętnie włączą się w przygotowania przedstawiania. Zadania technika teatralnego mogą obejmować dziedziny: operowanie muzyką, operowania światłem, rekwizyty, ustawianie dekoracji, podnoszenie kurtyny, witanie gości i wskazywania wolnych miejsc itp. Nie formułujemy wielu punktów - wymagań na sprawność, bo wkłAd pracy zucha zależny jest od wielkości przedstawienia. Należy pamiętać, że przy spektaklach kameralnych zuch realizujący sprawność może zająć się operowaniem np. muzyką i światłem. W większych przedsięwzięciach wystarczy natomiast, jeżeli zajmie się jednym z technicznych elementów, np. dopilnowaniem rekwizytów czy wnoszeniem dekoracji. Przygotowania do przedstawienia (punkt 1) to np. sporządzenie listy rekwizytów, wybór fragmentów muzycznych itd. 
78;fioletowy;Wilczek;Wilczek zuch, który poznaje historię ruchu zuchowego;"1. Wie, kim byli Olga i Andrzej Małkowscy oraz jak nazywały się zuchy przed II wojną światową.
2. Wie, jak wyglądała odznaka wilczka, zna jego symbolikę.
3. Potrafi zaśpiewać min. 2 przedwojenne piosenki zuchowe.
4. Przeczytał przynajmniej jedno opowiadanie zuchowe Aleksandra Kamińskiego. ";Ad 4 Aleksander Kamiński, Antek Cwaniak, (fragmenty) Aleksander Kamiński, Narodziny dzielności.